{
  "name": "gce",
  "description": "LWRPs for managing GCE resources",
  "long_description": "# Google Compute Engine Cookbook LWRP\n\n## Description\n\nThis cookbook provides libraries, resources and providers to configure\nand manage Google Compute Engine components. The currently supported\nGCE resources are:\n\n * disks (`disk`)\n * firewalls (`firewall`)\n * instances (`instance`)\n * lb forwarding rules (`lb_forwardingrule`)\n * lb health checks (`lb_healthcheck`)\n * lb target pools (`lb_targetpool`)\n * metadata (`metadata`)\n * networks (`network`)\n * snapshots (`snapshot`)\n * tags (`tags`)\n\n## Requirements\n\nRequires [fog](https://github.com/fog/fog) ruby gem to interact with GCP.\n\n## Authorizing Setup\n\nIn order to use the Google Compute Engine cookbook with your servers, you will first \nneed to authorize its use of the Google Compute Engine API. Authorization to use\nany of Google's Cloud service API's utilizes an OAuth 2.0\n[Service account](https://developers.google.com/accounts/docs/OAuth2#serviceaccount).\nOnce your project has been created, log in to the\n[Google Developers Console](https://console.developers.google.com/project) and\nselect your project. Next select APIs & auth then Credentials. Create a new\n\"Client ID\" and specify \"Service account\". This will generate a new public/private key\npair.\n\n```ruby\n    % knife data bag show gce service_account\n    {\n      \"project_id\": \"my-gce-project\",\n      \"client_email\": \"my-gce-project@developer.gserviceaccount.com\",\n      \"key_location\": \"/home/user/.my-gce-project-private-key.p12\"\n    }\n```\n\nThis can be loaded in a recipe with:\n\n```ruby\n    gce = data_bag_item(\"gce\", \"service_account\")\n```\n\nAnd to access the values:\n\n```ruby\n    gce['project_id']\n    gce['client_email']\n    gce['key_location']\n```\n\n## Installation\n\nDownload and install as you would other cookbooks.\n\n### From the Chef Community Site\n\nknife cookbook site install gce\n\n### Using Librarian-Chef\n\n[Librarian-Chef](https://github.com/applicationsonline/librarian) Librarian is a framework\nfor writing bundlers, which are tools that resolve, fetch, install, and isolate a project's\ndependencies, in Ruby.\n\nTo use the Opscode platform version:\n\n```\n    echo \"cookbook 'gce'\" >> Cheffile\n    librarian-chef install\n```\n\nTo use the Git version:\n\n```\n    echo \"cookbook 'gce', :git => 'git@github.com:chef-partners/google-compute-engine.git'\" >> Cheffile\n    librarian-chef install\n```\n\n## Recipes\n\n### default.rb\n\nThe default recipe installs the `fog` ruby gem, which this\ncookbook requires in order to work with the GCE API. Make sure that\nthe `google-compute-engine` recipe is in the node or role `run_list` before any resources\nfrom this cookbook are used.\n\n```ruby\n    \"run_list\": [\n      \"recipe[google-compute-engine]\"\n    ]\n```\n\n## Libraries\n\nThe cookbook has a library module, `Google::Gce`, which can be\nincluded where necessary:\n\n```ruby\n  include Google::Gce\n```\n\n## Resources and Providers\n\nThis cookbook provides a resource and corresponding provider.\n\n### disk.rb\n\nManage GCE persistent disk with this resource.\n\nActions:\n\n* `create` - create a new disk.\n* `delete` - delete a disk.\n* `attach` - attach the specified disk.\n* `detach` - detach the specified disk.\n\nAttribute Parameters:\n\n### firewall.rb\n\n* `create` - create a new firewall.\n* `delete` - delete a firewall.\n\n### instance.rb\n\n* `create` - create a new instance.\n* `delete` - delete a instance.\n\n### lb_forwardingrule.rb\n\n* `create` - create a new forwarding rule.\n* `delete` - delete a forwarding rule.\n\n### lb_healthcheck.rb\n\n* `create` - create a new healthcheck.\n* `delete` - delete a healthcheck.\n\n### lb_targetpool.rb\n\n* `create` - create a new targetpool.\n* `add_instance` - add instance to targetpool.\n* `add_healthcheck` - add healthcheck to targetpool.\n* `remove_instance` - remove instance from a targetpool.\n* `remove_healthcheck` - remove healthcheck from a targetpool.\n* `delete` - delete a targetpool.\n\n### metadata.rb\n\n* `set` - set instance metadata.\n* `delete` - delete instance metadata.\n\n### network.rb\n\n* `create` - create a new network.\n* `delete` - delete a network.\n\n### snapshot.rb\n\n* `create` - create a new snapshot.\n* `delete` - delete a snapshot.\n\n### tags.rb\n\n* `set` - set instance tags.\n* `delete` - delete instance tags.\n\n## Usage\n\n### instance\n\nThis will create a new instance.\n\n```ruby\n    gce_instance \"my-gce-instance\" do\n      machine_type \"n1-standard-1\"\n      zone_name \"us-central1-a\"\n      boot_disk_image \"debian-7-wheezy-v20140318\"\n      service_account_scopes [\"compute\", \"userinfo.email\", \"devstorage.full_control\"]\n      auto_restart true\n      on_host_maintenance \"MIGRATE\"\n      action :create\n    end\n```\n\n### firewall\n\nThis will create a new firewall.\n\n```ruby\n    gce_firewall \"my-firewall\" do\n      client_email gce['client_email']\n      key_location gce['key_location']\n      project_id gce['project_id']\n      description \"my firewall\"\n      allowed [{\"tcp\"=>\"1000\"}, {\"tcp\"=>[\"1001\",\"1002\"]}, {\"udp\"=>\"1000-1002\"}, {\"udp\"=>[\"1010-1012\"]}]\n      source_tags [\"foo\", \"bar\"]\n      target_tags [\"baz\", \"qux\"]\n    end\n```\n\nThis will delete an existing firewall.\n\n```ruby\n    gce_firewall \"my-firewall\" do\n      client_email gce['client_email']\n      key_location gce['key_location']\n      project_id gce['project_id']\n      action :delete\n    end\n```\n\nLicense and Authors\n===================\n\n* Author:: Eric Johnson (<erjohnso@google.com>)\n* Author:: Paul Rossman (<paulrossman@google.com>)\n\nCopyright 2014, Google, Inc.\n\nLicensed under the Apache License, Version 2.0 (the \"License\");\nyou may not use this file except in compliance with the License.\nYou may obtain a copy of the License at\n\n    http://www.apache.org/licenses/LICENSE-2.0\n\nUnless required by applicable law or agreed to in writing, software\ndistributed under the License is distributed on an \"AS IS\" BASIS,\nWITHOUT WARRANTIES OR CONDITIONS OF ANY KIND, either express or implied.\nSee the License for the specific language governing permissions and\nlimitations under the License.\n",
  "maintainer": "Google Inc.",
  "maintainer_email": "paulrossman@google.com",
  "license": "Apache 2.0",
  "platforms": {
  },
  "dependencies": {
  },
  "recommendations": {
  },
  "suggestions": {
  },
  "conflicting": {
  },
  "providing": {
  },
  "replacing": {
  },
  "attributes": {
  },
  "groupings": {
  },
  "recipes": {
    "gce": "Installs the fog gem and other dependencies"
  },
  "version": "0.3.0"
}